,CiteScore,SNIP,SJR,H index,IF,ES,SJR Best Quartile,Scopus_Quartile,HJRS Category,Kmeanslabels,PCA2_labels,PCA3_labels,tSNE2_labels,IF_Quartile,cluster_labels
1064,1.2,0.176,0.197,23,0.339,0.00022,Q4,PQ2,Y,2,0,2,3,IF_Q4,3
606,0.9,0.353,0.172,15,0.36,0.00033,Q4,PQ4,Y,2,0,2,3,IF_Q4,3
1065,1.2,0.495,0.197,15,0.378,9e-05,Q4,PQ3,Y,2,0,2,3,IF_Q4,3
1066,1.2,0.3,0.204,20,0.436,0.00011,Q4,PQ3,Y,2,0,2,3,IF_Q4,3
601,1.2,0.464,0.226,28,0.455,0.00021,Q4,PQ4,Y,2,0,2,3,IF_Q4,3
1060,1.6,0.886,0.522,54,0.509,0.00139,Q2,PQ2,X,2,0,2,3,IF_Q4,3
605,1.0,0.915,0.425,36,0.536,0.00178,Q3,PQ3,X,2,0,2,3,IF_Q4,3
842,2.9,0.481,0.24,46,0.563,6e-05,Q4,PQ2,Y,2,0,2,3,IF_Q4,3
608,0.8,0.757,0.255,13,0.575,0.00014,Q3,PQ4,Y,2,0,2,3,IF_Q4,3
881,1.1,0.422,0.216,42,0.578,0.00036,Q4,PQ3,Y,2,0,2,3,IF_Q4,3
230,7.5,1.386,0.626,46,0.583,0.00049,Q2,PQ1,X,2,0,2,1,IF_Q4,3
1052,2.0,1.024,0.696,38,0.591,0.00194,Q2,PQ3,X,2,0,2,3,IF_Q4,3
586,1.6,0.416,0.248,57,0.598,0.00096,Q3,PQ3,Y,2,0,2,3,IF_Q4,3
878,1.4,0.553,0.183,46,0.613,0.00011,Q4,PQ3,Y,2,0,2,3,IF_Q4,3
858,2.3,1.202,0.676,41,0.616,0.00124,Q2,PQ2,X,2,0,2,3,IF_Q4,3
563,2.1,1.004,0.509,42,0.616,0.00156,Q3,PQ3,X,2,0,2,3,IF_Q4,3
1068,0.7,0.739,0.26,25,0.641,0.00029,Q3,PQ2,X,2,0,2,3,IF_Q4,3
600,1.3,0.685,0.389,41,0.662,0.00113,Q2,PQ3,X,2,0,2,3,IF_Q4,3
884,1.0,1.071,0.115,42,0.688,0.00015,Q4,PQ1,Y,2,0,2,3,IF_Q4,3
599,1.3,1.087,0.724,48,0.69,0.00723,Q2,PQ2,W,2,0,2,3,IF_Q4,3
588,1.6,0.418,0.296,50,0.695,0.00216,Q3,PQ3,X,2,0,2,3,IF_Q4,3
1063,1.3,1.159,0.628,29,0.713,0.0013,Q2,PQ2,X,2,0,2,3,IF_Q4,3
579,1.8,1.478,0.449,22,0.722,0.00041,Q2,PQ3,X,2,0,2,3,IF_Q4,3
568,2.0,0.554,0.297,27,0.771,9e-05,Q3,PQ3,Y,2,0,2,3,IF_Q4,3
592,1.5,0.335,0.262,24,0.773,0.00025,Q3,PQ3,Y,2,0,2,3,IF_Q4,3
1100,1.5,0.499,0.234,25,0.78,0.00034,Q4,PQ2,Y,2,0,2,3,IF_Q4,3
1097,1.9,1.096,0.367,20,0.801,0.00027,Q3,PQ3,X,2,0,2,3,IF_Q4,3
874,1.9,0.984,0.488,40,0.802,0.00116,Q3,PQ2,X,2,0,2,3,IF_Q4,3
1067,1.1,0.767,0.493,23,0.802,0.00124,Q2,PQ3,X,2,0,2,3,IF_Q4,3
855,2.5,0.449,0.332,20,0.813,0.00026,Q3,PQ3,Y,2,0,2,3,IF_Q4,3
585,1.7,1.041,0.558,23,0.819,0.00214,Q2,PQ3,X,2,0,2,3,IF_Q4,3
1039,2.5,0.545,0.281,25,0.825,0.00027,Q3,PQ2,X,2,0,2,3,IF_Q4,3
71,13.9,2.642,1.617,26,0.825,0.00057,Q1,PQ1,W,0,2,1,2,IF_Q4,1
862,2.2,0.452,0.314,68,0.829,0.00202,Q3,PQ3,X,2,0,2,3,IF_Q4,3
880,1.4,0.523,0.242,31,0.839,0.00029,Q4,PQ3,Y,2,0,2,3,IF_Q4,3
849,2.6,0.804,0.521,79,0.851,0.00221,Q2,PQ3,X,2,0,2,3,IF_Q4,3
810,3.9,0.993,0.419,52,0.851,0.0004,Q3,PQ2,X,2,0,2,3,IF_Q4,3
1062,1.6,0.47,0.267,18,0.852,0.0001,Q3,PQ3,Y,2,0,2,3,IF_Q4,3
1051,2.1,0.532,0.296,35,0.853,0.002,Q3,PQ3,X,2,0,2,3,IF_Q4,3
540,2.3,1.415,0.623,41,0.871,0.00066,Q2,PQ3,X,2,0,2,3,IF_Q4,3
1096,2.6,1.191,0.508,42,0.886,0.00048,Q3,PQ3,X,2,0,2,3,IF_Q4,3
1037,2.6,0.987,0.755,49,0.898,0.00068,Q1,PQ1,X,2,0,2,3,IF_Q4,3
877,1.6,0.649,0.252,20,0.899,0.00046,Q4,PQ3,Y,2,0,2,3,IF_Q4,3
1048,2.1,0.756,0.304,46,0.906,0.00031,Q3,PQ3,X,2,0,2,3,IF_Q4,3
846,2.7,1.236,0.958,75,0.909,0.00431,Q1,PQ2,W,2,0,2,1,IF_Q4,3
469,3.3,1.447,0.778,46,0.923,0.00094,Q2,PQ2,X,2,0,2,3,IF_Q4,3
477,3.1,1.514,1.788,38,0.962,0.00101,Q1,PQ1,W,2,0,2,1,IF_Q4,3
1047,2.1,0.505,0.33,29,0.967,0.00184,Q3,PQ2,X,2,0,2,3,IF_Q4,3
571,2.0,0.408,0.315,29,0.972,0.00161,Q3,PQ3,X,2,0,2,3,IF_Q4,3
1058,1.8,0.322,0.258,19,0.973,0.00016,Q3,PQ3,Y,2,0,2,3,IF_Q4,3
1042,2.4,0.644,0.357,43,0.974,0.00028,Q3,PQ2,X,2,0,2,3,IF_Q4,3
507,2.8,0.802,0.36,69,0.983,0.00086,Q3,PQ2,X,2,0,2,3,IF_Q4,3
935,7.2,1.415,0.46,32,1.0,0.00013,Q3,PQ1,X,2,0,2,1,IF_Q4,3
557,2.2,1.816,0.709,43,1.0,0.0013,Q2,PQ1,W,2,0,2,3,IF_Q4,3
1050,2.1,1.056,0.621,119,1.002,0.00924,Q2,PQ2,W,2,0,2,1,IF_Q4,3
526,2.5,0.607,0.332,36,1.007,0.00048,Q3,PQ2,X,2,0,2,3,IF_Q4,3
533,2.4,0.525,0.378,50,1.01,0.00063,Q3,PQ3,X,2,0,2,3,IF_Q4,3
866,2.1,0.931,0.427,40,1.013,0.00026,Q3,PQ2,X,2,0,2,3,IF_Q4,3
577,1.8,0.985,0.666,23,1.015,0.00187,Q2,PQ2,X,2,0,2,3,IF_Q4,3
543,2.3,0.974,0.42,56,1.019,0.00084,Q3,PQ2,X,2,0,2,3,IF_Q4,3
514,2.7,0.771,0.456,40,1.029,0.00045,Q3,PQ3,X,2,0,2,3,IF_Q4,3
455,3.6,1.008,0.558,65,1.039,0.00115,Q3,PQ2,X,2,0,2,1,IF_Q4,3
481,3.1,1.305,0.861,96,1.043,0.00232,Q2,PQ2,W,2,0,2,1,IF_Q4,3
1035,2.7,0.717,0.39,54,1.056,0.00062,Q2,PQ2,X,2,0,2,3,IF_Q4,3
544,2.3,0.647,0.389,33,1.059,0.00064,Q3,PQ3,X,2,0,2,3,IF_Q4,3
490,3.0,1.179,0.615,17,1.088,0.00089,Q2,PQ1,X,2,0,2,3,IF_Q4,3
551,2.2,0.552,0.325,58,1.094,0.00044,Q3,PQ1,X,2,0,2,3,IF_Q4,3
1030,2.8,1.274,0.502,54,1.1,0.00059,Q3,PQ2,X,2,0,2,3,IF_Q4,3
547,2.3,0.443,0.315,23,1.14,0.00078,Q3,PQ3,X,2,0,2,3,IF_Q4,3
595,1.5,0.568,0.269,39,1.142,0.00046,Q4,PQ2,X,2,0,2,3,IF_Q4,3
441,3.7,0.825,0.452,45,1.15,0.00053,Q2,PQ2,X,2,0,2,3,IF_Q4,3
395,4.2,1.411,0.93,56,1.15,0.00141,Q2,PQ2,W,2,0,2,1,IF_Q4,3
1099,1.8,0.974,0.718,77,1.151,0.0037,Q2,PQ3,W,2,0,2,3,IF_Q4,3
578,1.8,1.411,0.514,15,1.155,0.00102,Q3,PQ2,X,2,0,2,3,IF_Q4,3
478,3.1,0.767,0.385,68,1.166,0.00199,Q3,PQ1,X,2,0,2,3,IF_Q4,3
1053,1.9,0.562,0.35,26,1.17,0.00023,Q3,PQ3,X,2,0,2,3,IF_Q4,3
492,3.0,0.532,0.316,28,1.18,0.00032,Q3,PQ2,X,2,0,2,3,IF_Q4,3
857,2.4,0.363,0.288,45,1.204,0.00055,Q3,PQ3,X,2,0,2,3,IF_Q4,3
1046,2.2,0.537,0.243,48,1.205,0.00166,Q4,PQ3,X,2,0,2,3,IF_Q4,3
1013,3.4,0.941,0.451,45,1.229,0.00056,Q3,PQ2,X,2,0,2,3,IF_Q4,3
330,5.6,1.771,0.594,46,1.237,0.00031,Q2,PQ1,X,2,0,2,1,IF_Q4,3
553,2.2,1.063,0.543,76,1.24,0.00198,Q2,PQ3,X,2,0,2,1,IF_Q4,3
869,2.1,0.776,0.472,34,1.247,0.00103,Q3,PQ2,X,2,0,2,3,IF_Q4,3
989,4.2,1.151,0.507,56,1.256,0.00075,Q2,PQ2,X,2,0,2,1,IF_Q4,3
503,2.8,0.771,0.429,57,1.261,0.00148,Q3,PQ3,X,2,0,2,3,IF_Q4,3
545,2.3,0.993,0.523,49,1.262,0.00324,Q2,PQ2,X,2,0,2,3,IF_Q4,3
538,2.4,0.487,0.36,34,1.264,0.0004,Q3,PQ3,X,2,0,2,3,IF_Q4,3
1038,2.6,0.583,0.338,30,1.265,0.00041,Q3,PQ3,X,2,0,2,3,IF_Q4,3
867,2.1,0.581,0.318,32,1.278,0.00012,Q3,PQ2,X,2,0,2,3,IF_Q4,3
863,2.2,0.759,0.286,34,1.286,0.00032,Q3,PQ2,X,2,0,2,3,IF_Q4,3
356,4.8,1.73,0.938,24,1.296,0.0012,Q2,PQ1,W,2,0,2,1,IF_Q4,3
859,2.2,1.296,0.422,18,1.299,0.00171,Q3,PQ1,X,2,0,2,3,IF_Q4,3
1059,1.7,0.562,0.251,19,1.299,0.00019,Q3,PQ3,Y,2,0,2,3,IF_Q4,3
464,3.3,0.839,0.564,37,1.3,0.00091,Q2,PQ2,X,2,0,2,3,IF_Q4,3
520,2.6,0.625,0.345,27,1.304,0.00021,Q3,PQ3,X,2,0,2,3,IF_Q4,3
564,2.0,0.532,0.357,48,1.321,0.00075,Q3,PQ3,X,2,0,2,3,IF_Q4,3
1040,2.5,0.723,0.307,51,1.321,0.0015,Q3,PQ3,X,2,0,2,3,IF_Q4,3
1055,1.9,0.71,0.291,23,1.333,9e-05,Q4,PQ3,Y,2,0,2,3,IF_Q4,3
1098,1.8,0.862,0.573,49,1.337,0.00146,Q3,PQ2,X,2,0,2,3,IF_Q4,3
560,2.1,1.19,0.661,19,1.34,0.00056,Q2,PQ3,X,2,0,2,3,IF_Q4,3
830,3.4,0.599,0.476,63,1.345,0.00422,Q3,PQ2,X,2,0,2,3,IF_Q4,3
566,2.0,0.51,0.299,67,1.353,0.00141,Q3,PQ3,X,2,0,2,3,IF_Q4,3
854,2.5,0.694,0.365,60,1.355,9e-05,Q3,PQ2,X,2,0,2,3,IF_Q4,3
556,2.2,0.944,0.453,67,1.361,0.00185,Q3,PQ1,X,2,0,2,3,IF_Q4,3
839,3.1,0.833,0.437,36,1.363,0.00143,Q3,PQ2,X,2,0,2,3,IF_Q4,3
994,4.0,1.281,0.562,30,1.367,0.00018,Q2,PQ1,X,2,0,2,3,IF_Q4,3
487,3.0,1.118,0.633,72,1.368,0.00188,Q2,PQ2,W,2,0,2,1,IF_Q4,3
873,1.9,0.671,0.322,36,1.399,0.00069,Q3,PQ3,X,2,0,2,3,IF_Q4,3
574,2.0,1.011,0.685,54,1.402,0.00115,Q2,PQ2,X,2,0,2,3,IF_Q4,3
452,3.6,0.793,0.553,38,1.408,0.00043,Q3,PQ2,X,2,0,2,3,IF_Q4,3
865,2.2,0.855,0.599,33,1.41,0.00111,Q2,PQ2,X,2,0,2,3,IF_Q4,3
532,2.5,0.602,0.306,57,1.416,0.00253,Q3,PQ2,X,2,0,2,3,IF_Q4,3
879,1.4,0.858,0.276,14,1.417,0.00039,Q3,PQ3,X,2,0,2,3,IF_Q4,3
875,1.8,0.99,0.522,47,1.418,0.00194,Q2,PQ2,X,2,0,2,3,IF_Q4,3
1026,2.9,0.966,0.913,144,1.432,0.0006,Q1,PQ2,W,2,0,2,2,IF_Q4,3
583,1.7,0.812,0.468,24,1.438,0.00031,Q3,PQ3,X,2,0,2,3,IF_Q4,3
856,2.5,1.038,0.408,34,1.44,0.00161,Q3,PQ2,X,2,0,2,3,IF_Q4,3
836,3.2,0.916,0.47,35,1.444,0.00064,Q3,PQ2,X,2,0,2,3,IF_Q4,3
1002,3.9,0.811,0.499,36,1.447,0.0006,Q2,PQ2,X,2,0,2,3,IF_Q4,3
512,2.7,0.777,0.533,53,1.447,0.00106,Q2,PQ2,X,2,0,2,3,IF_Q4,3
1036,2.6,1.158,0.457,15,1.471,0.00052,Q2,PQ2,X,2,0,2,3,IF_Q4,3
986,4.4,1.921,2.349,116,1.475,0.00508,Q1,PQ1,W,0,2,1,0,IF_Q4,1
530,2.5,0.704,0.367,33,1.478,0.00021,Q3,PQ3,X,2,0,2,3,IF_Q4,3
759,5.1,0.807,0.561,39,1.484,0.00148,Q2,PQ2,X,2,0,2,3,IF_Q4,3
480,3.1,0.685,0.451,31,1.492,0.00192,Q3,PQ2,X,2,0,2,3,IF_Q4,3
431,3.8,0.925,0.524,23,1.492,0.00162,Q2,PQ1,X,2,0,2,3,IF_Q4,3
786,4.3,1.232,0.584,42,1.504,0.0013,Q2,PQ2,X,2,0,2,1,IF_Q4,3
576,1.9,1.224,0.646,38,1.509,0.00123,Q2,PQ3,W,2,0,2,3,IF_Q4,3
770,4.5,1.688,0.529,44,1.512,0.00047,Q2,PQ1,X,2,0,2,1,IF_Q4,3
1016,3.2,0.661,0.337,38,1.512,0.00047,Q3,PQ1,X,2,0,2,3,IF_Q4,3
517,2.7,1.003,0.462,46,1.523,0.00152,Q3,PQ3,X,2,0,2,3,IF_Q4,3
1006,3.7,0.795,0.449,28,1.524,0.00039,Q2,PQ2,X,2,0,2,3,IF_Q4,3
861,2.2,0.552,0.359,61,1.526,0.00055,Q3,PQ1,X,2,0,2,3,IF_Q4,3
558,2.2,0.692,0.374,36,1.533,0.00037,Q3,PQ2,X,2,0,2,3,IF_Q4,3
1101,1.1,1.131,1.352,52,1.543,0.00108,Q1,PQ4,W,2,0,2,1,IF_Q4,3
495,2.9,0.56,0.581,97,1.549,0.00283,Q2,PQ2,X,2,0,2,1,IF_Q4,3
301,6.1,1.807,0.832,29,1.585,0.00064,Q2,PQ1,W,2,0,2,1,IF_Q4,3
519,2.6,0.553,0.538,29,1.591,0.00049,Q2,PQ2,X,2,0,2,3,IF_Q4,3
298,6.1,1.549,1.058,103,1.603,0.00116,Q1,PQ1,W,2,0,1,2,IF_Q4,3
1014,3.4,0.76,0.484,47,1.622,0.00086,Q2,PQ2,X,2,0,2,3,IF_Q4,3
1018,3.1,1.096,0.373,86,1.623,0.00065,Q3,PQ1,X,2,0,2,1,IF_Q4,3
1005,3.9,1.183,0.467,41,1.623,0.00086,Q3,PQ1,X,2,0,2,3,IF_Q4,3
814,3.8,1.189,0.752,76,1.627,0.00229,Q2,PQ1,W,2,0,2,1,IF_Q4,3
998,3.9,1.471,1.117,83,1.629,0.00127,Q1,PQ2,W,2,0,2,1,IF_Q4,3
844,2.8,0.926,0.439,61,1.669,0.00345,Q3,PQ3,X,2,0,2,3,IF_Q4,3
882,1.1,0.884,0.399,36,1.672,0.00099,Q3,PQ4,X,2,0,2,3,IF_Q4,3
837,3.1,1.197,0.443,41,1.675,0.00091,Q3,PQ1,X,2,0,2,3,IF_Q4,3
500,2.8,0.769,0.364,59,1.675,0.00206,Q3,PQ2,X,2,0,2,3,IF_Q4,3
282,6.5,1.521,0.719,39,1.675,0.00127,Q2,PQ1,W,2,0,2,1,IF_Q4,3
992,4.1,0.928,0.491,53,1.676,0.00045,Q2,PQ2,X,2,0,2,3,IF_Q4,3
1085,5.2,1.401,0.943,47,1.677,0.00059,Q2,PQ2,W,2,0,2,1,IF_Q4,3
1057,1.8,1.27,0.548,37,1.685,0.00037,Q2,PQ2,X,2,0,2,3,IF_Q4,3
988,4.2,1.309,0.594,50,1.688,0.00044,Q2,PQ1,X,2,0,2,1,IF_Q4,3
799,4.1,1.907,0.884,77,1.691,0.00092,Q2,PQ1,W,2,0,2,1,IF_Q4,3
971,5.2,1.996,0.801,70,1.692,0.00021,Q1,PQ1,W,2,0,1,1,IF_Q4,3
996,4.0,1.145,0.426,28,1.694,0.00059,Q3,PQ2,X,2,0,2,3,IF_Q4,3
573,2.0,0.676,0.458,94,1.695,0.00215,Q3,PQ3,X,2,0,2,1,IF_Q4,3
1025,2.9,0.806,0.332,29,1.713,0.00023,Q3,PQ2,X,2,0,2,3,IF_Q4,3
1094,3.7,1.488,1.026,70,1.714,0.0006,Q2,PQ3,W,2,0,2,1,IF_Q4,3
408,4.1,0.87,0.549,51,1.714,0.00386,Q2,PQ2,X,2,0,2,3,IF_Q4,3
499,2.8,0.67,0.338,57,1.717,0.00056,Q3,PQ2,X,2,0,2,3,IF_Q3,3
518,2.6,0.853,0.767,36,1.721,0.00093,Q2,PQ2,X,2,0,2,3,IF_Q3,3
461,3.4,0.79,0.442,40,1.734,0.00175,Q2,PQ2,X,2,0,2,3,IF_Q3,3
838,3.1,1.308,0.646,35,1.734,0.00065,Q2,PQ1,X,2,0,2,3,IF_Q3,3
832,3.3,1.015,0.454,43,1.741,0.00177,Q3,PQ1,X,2,0,2,3,IF_Q3,3
462,3.4,1.065,0.519,51,1.75,0.00317,Q2,PQ2,X,2,0,2,1,IF_Q3,3
1028,2.8,0.925,0.489,90,1.759,0.0015,Q3,PQ3,X,2,0,2,1,IF_Q3,3
853,2.6,1.199,0.976,10,1.761,0.00089,Q2,PQ1,X,2,0,2,3,IF_Q3,3
1017,3.1,0.88,0.561,67,1.762,0.00209,Q2,PQ2,W,2,0,2,3,IF_Q3,3
379,4.5,0.905,0.358,40,1.768,0.0008,Q3,PQ2,X,2,0,2,3,IF_Q3,3
805,4.0,0.828,0.536,49,1.773,0.00431,Q2,PQ2,X,2,0,2,3,IF_Q3,3
432,3.8,1.457,0.625,8,1.778,0.00026,Q2,PQ2,X,2,0,2,3,IF_Q3,3
1021,3.0,0.738,0.404,24,1.79,0.0005,Q2,PQ2,X,2,0,2,3,IF_Q3,3
1089,4.8,1.19,0.618,45,1.813,0.00095,Q2,PQ2,X,2,0,2,1,IF_Q3,3
1091,4.4,0.759,0.434,44,1.819,0.00189,Q3,PQ2,X,2,0,2,3,IF_Q3,3
1008,3.7,0.823,0.507,26,1.826,0.00044,Q2,PQ2,X,2,0,2,3,IF_Q3,3
264,6.8,1.147,0.559,30,1.828,0.00065,Q2,PQ1,X,2,0,2,1,IF_Q3,3
453,3.6,1.167,0.519,57,1.841,0.00082,Q3,PQ1,X,2,0,2,1,IF_Q3,3
821,3.6,1.075,0.895,117,1.847,0.0036,Q2,PQ2,W,2,0,2,2,IF_Q3,3
488,3.0,1.115,0.567,58,1.854,0.00056,Q2,PQ2,X,2,0,2,1,IF_Q3,3
515,2.7,1.364,1.035,58,1.856,0.00202,Q1,PQ2,W,2,0,2,1,IF_Q3,3
405,4.1,1.036,0.563,41,1.859,0.00048,Q2,PQ2,X,2,0,2,3,IF_Q3,3
506,2.8,2.024,0.93,103,1.86,0.00602,Q2,PQ1,W,2,0,1,2,IF_Q3,3
549,2.3,0.842,0.495,37,1.863,0.00166,Q2,PQ3,X,2,0,2,3,IF_Q3,3
367,4.7,1.347,0.656,58,1.865,0.0004,Q2,PQ1,X,2,0,2,1,IF_Q3,3
460,3.5,1.095,0.546,15,1.866,0.00045,Q2,PQ2,X,2,0,2,3,IF_Q3,3
349,5.2,1.603,1.283,66,1.871,0.00358,Q1,PQ2,W,2,0,1,1,IF_Q3,3
435,3.8,0.98,0.587,51,1.871,0.00156,Q2,PQ2,X,2,0,2,1,IF_Q3,3
841,2.9,0.699,0.316,28,1.877,0.0014,Q3,PQ2,X,2,0,2,3,IF_Q3,3
443,3.7,0.762,0.517,52,1.882,0.00346,Q2,PQ2,X,2,0,2,3,IF_Q3,3
295,6.2,1.288,0.622,35,1.887,0.00193,Q2,PQ2,W,2,0,2,1,IF_Q3,3
995,4.0,1.344,0.537,28,1.902,0.00037,Q2,PQ1,X,2,0,2,3,IF_Q3,3
419,3.9,0.98,0.686,95,1.909,0.00211,Q2,PQ2,W,2,0,2,1,IF_Q3,3
444,3.7,0.664,0.629,31,1.914,0.00036,Q2,PQ2,X,2,0,2,3,IF_Q3,3
1009,3.6,1.048,0.535,44,1.935,0.00103,Q2,PQ1,X,2,0,2,3,IF_Q3,3
426,3.8,1.382,1.23,47,1.937,0.00105,Q1,PQ2,W,2,0,2,1,IF_Q3,3
394,4.2,0.739,0.502,58,1.938,0.00352,Q2,PQ1,X,2,0,2,3,IF_Q3,3
831,3.3,1.64,0.852,32,1.944,0.00161,Q2,PQ1,W,2,0,2,1,IF_Q3,3
1095,3.6,0.805,0.463,60,1.965,0.00661,Q3,PQ2,X,2,0,2,3,IF_Q3,3
467,3.3,1.075,0.734,50,1.968,0.00409,Q2,PQ2,W,2,0,2,1,IF_Q3,3
458,3.5,0.838,0.535,40,1.987,0.00344,Q2,PQ2,X,2,0,2,3,IF_Q3,3
808,4.0,1.535,0.962,89,1.996,0.00483,Q2,PQ1,W,2,0,2,1,IF_Q3,3
429,3.8,1.044,0.491,32,2.006,0.00109,Q3,PQ1,X,2,0,2,3,IF_Q3,3
1011,3.4,0.884,0.53,40,2.013,0.00104,Q2,PQ2,X,2,0,2,3,IF_Q3,3
278,6.6,1.135,0.681,64,2.016,0.00042,Q2,PQ1,X,2,0,2,1,IF_Q3,3
829,3.5,0.873,0.481,65,2.017,0.00852,Q3,PQ2,X,2,0,2,3,IF_Q3,3
382,4.4,0.743,0.452,41,2.03,0.00138,Q3,PQ1,X,2,0,2,3,IF_Q3,3
833,3.2,0.558,0.572,32,2.031,0.00084,Q2,PQ2,X,2,0,2,3,IF_Q3,3
401,4.2,1.147,0.693,53,2.034,0.00056,Q2,PQ2,X,2,0,2,1,IF_Q3,3
1020,3.1,1.557,0.632,67,2.034,0.00179,Q2,PQ1,W,2,0,2,1,IF_Q3,3
824,3.5,1.013,0.736,67,2.057,0.00221,Q2,PQ2,W,2,0,2,1,IF_Q3,3
981,4.5,1.266,0.46,31,2.072,0.00054,Q3,PQ2,X,2,0,2,1,IF_Q3,3
765,4.8,1.153,0.928,119,2.102,0.00764,Q2,PQ2,W,2,0,1,2,IF_Q3,3
987,4.2,1.28,0.594,32,2.109,0.00149,Q2,PQ1,X,2,0,2,1,IF_Q3,3
985,4.4,0.908,0.716,36,2.118,0.00076,Q2,PQ2,X,2,0,2,1,IF_Q3,3
1010,3.5,0.766,0.463,66,2.121,0.01143,Q2,PQ1,W,2,0,2,3,IF_Q3,3
446,3.7,1.661,0.879,64,2.13,0.00146,Q2,PQ2,W,2,0,2,1,IF_Q3,3
411,4.0,1.004,0.638,53,2.142,0.00106,Q2,PQ1,X,2,0,2,1,IF_Q3,3
442,3.7,0.981,0.552,49,2.157,0.00086,Q2,PQ1,X,2,0,2,1,IF_Q3,3
496,2.9,0.625,0.344,71,2.172,0.00446,Q3,PQ2,X,2,0,2,3,IF_Q3,3
785,4.3,1.465,0.58,49,2.174,0.00066,Q2,PQ2,W,2,0,2,1,IF_Q3,3
834,3.2,0.917,0.539,49,2.177,0.00098,Q2,PQ2,X,2,0,2,3,IF_Q3,3
979,4.7,2.078,0.889,51,2.18,0.00162,Q2,PQ1,W,2,0,2,1,IF_Q3,3
373,4.5,0.876,0.563,36,2.198,0.00057,Q2,PQ2,X,2,0,2,1,IF_Q3,3
523,2.6,1.476,0.644,67,2.205,0.00135,Q2,PQ3,W,2,0,2,1,IF_Q3,3
1084,6.0,1.744,0.833,52,2.211,0.00137,Q2,PQ1,W,2,0,2,1,IF_Q3,3
823,3.6,2.229,1.804,81,2.215,0.00617,Q1,PQ1,W,0,2,1,2,IF_Q3,1
341,5.3,0.928,0.645,43,2.237,0.00043,Q2,PQ1,X,2,0,2,1,IF_Q3,3
421,3.9,0.922,0.589,67,2.247,0.00082,Q2,PQ2,X,2,0,2,1,IF_Q3,3
818,3.7,1.038,0.569,51,2.249,0.00556,Q2,PQ2,W,2,0,2,1,IF_Q3,3
1015,3.4,0.915,0.492,45,2.259,0.00172,Q2,PQ2,X,2,0,2,3,IF_Q3,3
271,6.7,2.853,2.808,131,2.269,0.00472,Q1,PQ1,W,0,2,1,0,IF_Q3,1
950,6.8,2.047,1.063,59,2.275,0.00062,Q1,PQ1,W,2,0,1,2,IF_Q3,3
991,4.2,1.008,0.523,36,2.293,0.00189,Q2,PQ2,X,2,0,2,1,IF_Q3,3
398,4.2,0.988,0.627,53,2.3,0.00104,Q2,PQ2,X,2,0,2,1,IF_Q3,3
363,4.8,1.03,0.707,58,2.307,0.00174,Q2,PQ2,X,2,0,2,1,IF_Q3,3
1032,2.8,1.112,1.183,36,2.308,0.00115,Q1,PQ2,W,2,0,2,1,IF_Q3,3
425,3.9,1.639,1.125,77,2.324,0.00883,Q1,PQ1,W,2,0,1,1,IF_Q3,3
1007,3.7,0.602,0.39,59,2.346,0.00313,Q3,PQ2,X,2,0,2,3,IF_Q3,3
767,4.6,1.044,0.585,28,2.347,0.00063,Q2,PQ1,X,2,0,2,1,IF_Q3,3
813,3.9,0.722,0.48,52,2.352,0.00108,Q3,PQ2,X,2,0,2,3,IF_Q3,3
448,3.7,0.926,0.409,43,2.352,0.00155,Q2,PQ1,X,2,0,2,3,IF_Q3,3
794,4.1,1.157,0.41,65,2.357,0.00047,Q3,PQ1,X,2,0,2,1,IF_Q3,3
333,5.4,1.29,1.668,121,2.363,0.01745,Q1,PQ1,W,0,2,1,2,IF_Q3,1
828,3.5,0.963,0.45,52,2.378,0.00165,Q3,PQ2,X,2,0,2,1,IF_Q3,3
967,5.7,1.478,0.651,45,2.399,0.0016,Q2,PQ1,W,2,0,2,1,IF_Q3,3
778,4.4,1.143,0.59,67,2.406,0.00214,Q2,PQ1,W,2,0,2,1,IF_Q3,3
797,4.1,1.284,1.005,117,2.408,0.0082,Q1,PQ1,W,2,0,1,2,IF_Q3,3
1045,2.2,1.304,0.612,28,2.411,0.00436,Q2,PQ2,W,2,0,2,3,IF_Q3,3
795,4.1,1.76,0.634,61,2.42,0.0023,Q2,PQ2,W,2,0,2,1,IF_Q3,3
812,3.9,0.887,0.624,84,2.421,0.00336,Q2,PQ2,W,2,0,2,1,IF_Q3,3
360,4.8,1.296,0.755,45,2.427,0.00083,Q2,PQ2,X,2,0,2,1,IF_Q3,3
791,4.2,1.397,0.72,50,2.435,0.00085,Q2,PQ1,X,2,0,2,1,IF_Q3,3
948,6.9,1.631,0.761,69,2.462,0.00188,Q2,PQ1,W,2,0,1,2,IF_Q3,3
1090,4.4,1.897,0.657,86,2.464,0.00216,Q2,PQ1,W,2,0,1,1,IF_Q3,3
353,5.0,1.342,0.779,32,2.468,0.00076,Q2,PQ1,X,2,0,2,1,IF_Q3,3
389,4.3,1.638,0.813,72,2.475,0.00124,Q2,PQ2,W,2,0,2,1,IF_Q3,3
796,4.1,1.234,0.557,56,2.483,0.00305,Q2,PQ1,W,2,0,2,1,IF_Q3,3
964,5.9,2.156,0.99,37,2.493,0.00069,Q1,PQ1,W,2,0,1,1,IF_Q3,3
756,5.4,1.24,0.669,69,2.5,0.00334,Q2,PQ1,W,2,0,2,1,IF_Q3,3
336,5.4,1.681,0.805,57,2.504,0.00113,Q2,PQ2,W,2,0,2,1,IF_Q3,3
937,7.2,1.88,0.995,78,2.522,0.00144,Q1,PQ1,W,0,2,1,2,IF_Q3,1
782,4.3,1.036,0.904,41,2.522,0.00046,Q2,PQ1,X,2,0,2,1,IF_Q3,3
371,4.5,1.645,0.577,79,2.524,0.00185,Q2,PQ2,W,2,0,2,1,IF_Q3,3
311,5.9,1.413,0.988,78,2.531,0.00439,Q1,PQ1,W,2,0,1,1,IF_Q3,3
1086,5.1,1.217,0.866,26,2.543,0.00079,Q2,PQ1,X,2,0,2,1,IF_Q3,3
915,9.4,2.218,1.174,22,2.553,0.00059,Q1,PQ1,W,0,2,1,2,IF_Q3,1
976,4.8,1.158,0.727,68,2.557,0.00639,Q2,PQ1,W,2,0,2,1,IF_Q3,3
326,5.6,1.032,0.832,67,2.559,0.00473,Q2,PQ1,W,2,0,2,1,IF_Q3,3
325,5.6,1.152,1.083,70,2.56,0.00106,Q1,PQ1,W,2,0,2,1,IF_Q3,3
317,5.8,1.469,1.039,122,2.565,0.00635,Q1,PQ1,W,0,2,1,2,IF_Q3,1
376,4.5,0.8,0.597,58,2.565,0.00408,Q2,PQ2,W,2,0,2,3,IF_Q3,3
344,5.3,1.055,0.716,80,2.577,0.02449,Q2,PQ1,W,2,0,2,1,IF_Q3,3
771,4.5,1.045,0.774,54,2.59,0.00157,Q2,PQ2,W,2,0,2,1,IF_Q3,3
498,2.9,1.162,0.538,43,2.592,0.0154,Q2,PQ1,W,2,0,2,3,IF_Q3,3
822,3.6,0.725,0.359,29,2.594,0.00191,Q3,PQ2,X,2,0,2,3,IF_Q3,3
412,4.0,1.115,0.633,61,2.603,0.00101,Q2,PQ1,X,2,0,2,1,IF_Q3,3
963,6.0,1.679,0.712,96,2.605,0.00104,Q2,PQ1,W,2,0,1,2,IF_Q3,3
372,4.5,1.592,1.202,120,2.617,0.00721,Q2,PQ2,W,0,2,1,2,IF_Q3,1
809,4.0,1.049,0.515,52,2.618,0.00046,Q2,PQ1,X,2,0,2,1,IF_Q3,3
329,5.6,1.124,0.836,81,2.618,0.00232,Q2,PQ1,W,2,0,2,1,IF_Q3,3
1093,3.9,1.432,0.634,43,2.619,0.00197,Q2,PQ2,W,2,0,2,1,IF_Q3,3
819,3.7,0.948,0.594,63,2.627,0.00165,Q2,PQ1,X,2,0,2,1,IF_Q3,3
285,6.5,2.015,0.894,46,2.629,0.00152,Q2,PQ1,W,2,0,1,1,IF_Q3,3
351,5.1,1.158,0.668,65,2.648,0.00324,Q2,PQ1,W,2,0,2,1,IF_Q3,3
793,4.2,0.716,0.741,74,2.648,0.00649,Q2,PQ2,W,2,0,2,3,IF_Q3,3
1022,3.0,1.138,0.587,34,2.656,0.00017,Q2,PQ2,X,2,0,2,3,IF_Q3,3
973,5.0,1.182,0.863,38,2.669,0.00216,Q1,PQ1,W,2,0,2,1,IF_Q3,3
736,6.1,0.879,0.984,113,2.67,0.01161,Q1,PQ1,W,2,0,1,2,IF_Q3,3
224,7.6,1.369,1.221,22,2.675,0.00034,Q1,PQ1,X,2,0,2,1,IF_Q3,3
297,6.2,1.389,1.083,116,2.68,0.00193,Q1,PQ1,W,0,2,1,2,IF_Q3,1
369,4.7,0.927,0.657,91,2.701,0.00484,Q2,PQ2,W,2,0,2,1,IF_Q3,3
388,4.4,1.324,0.675,26,2.708,0.00132,Q2,PQ1,X,2,0,2,1,IF_Q3,3
697,7.5,1.346,0.951,33,2.716,0.00114,Q2,PQ1,W,2,0,2,1,IF_Q3,3
949,6.8,1.986,1.276,17,2.717,0.00063,Q1,PQ1,W,2,0,1,2,IF_Q3,3
751,5.5,1.322,0.61,110,2.723,0.00219,Q2,PQ1,W,2,0,1,2,IF_Q3,3
260,6.9,3.439,1.316,41,2.723,0.00106,Q1,PQ1,W,0,2,1,2,IF_Q3,1
984,4.4,1.084,0.553,81,2.738,0.02216,Q2,PQ1,W,2,0,2,1,IF_Q3,3
1092,4.3,0.837,0.612,33,2.759,0.00048,Q2,PQ2,X,2,0,2,1,IF_Q3,3
803,4.0,1.192,0.755,31,2.762,0.00281,Q2,PQ2,W,2,0,2,1,IF_Q3,3
1088,4.9,2.209,3.02,130,2.763,0.01451,Q1,PQ1,W,0,2,1,0,IF_Q3,1
972,5.2,1.337,0.661,58,2.773,0.00071,Q2,PQ1,W,2,0,2,1,IF_Q3,3
970,5.3,1.211,0.851,40,2.775,0.0009,Q2,PQ2,W,2,0,2,1,IF_Q3,3
965,5.9,1.474,0.834,109,2.775,0.00777,Q2,PQ1,W,0,2,1,2,IF_Q3,1
761,5.1,1.21,0.713,28,2.775,0.00072,Q2,PQ1,X,2,0,2,1,IF_Q3,3
486,3.0,1.031,0.506,59,2.777,0.00097,Q3,PQ3,X,2,0,2,1,IF_Q3,3
811,3.9,0.847,0.688,27,2.78,0.00197,Q2,PQ2,W,2,0,2,1,IF_Q3,3
294,6.3,1.153,1.214,35,2.783,0.00088,Q1,PQ1,W,2,0,2,1,IF_Q3,3
365,4.7,0.949,0.599,41,2.812,0.00155,Q2,PQ1,X,2,0,2,1,IF_Q3,3
974,5.0,1.08,0.482,62,2.82,0.0014,Q3,PQ1,X,2,0,2,1,IF_Q3,3
925,8.2,2.15,1.312,95,2.821,0.00245,Q1,PQ1,W,0,2,1,2,IF_Q3,1
416,4.0,1.211,0.658,69,2.835,0.00304,Q2,PQ2,W,2,0,2,1,IF_Q3,3
952,6.7,1.442,0.884,29,2.837,0.00054,Q1,PQ1,W,2,0,2,1,IF_Q3,3
390,4.3,1.353,1.326,79,2.843,0.01469,Q1,PQ1,W,2,0,1,1,IF_Q3,3
820,3.6,1.477,0.634,25,2.843,0.00218,Q2,PQ1,W,2,0,2,1,IF_Q3,3
933,7.3,1.341,1.037,60,2.864,0.00292,Q1,PQ1,W,2,0,1,2,IF_Q3,3
746,5.7,1.06,0.814,44,2.867,0.00137,Q2,PQ1,W,2,0,2,1,IF_Q3,3
801,4.1,1.458,0.644,27,2.868,0.00365,Q2,PQ2,X,2,0,2,1,IF_Q3,3
739,6.1,1.131,0.827,84,2.887,0.00645,Q2,PQ1,W,2,0,2,1,IF_Q3,3
392,4.3,1.375,0.621,22,2.895,0.00089,Q2,PQ2,X,2,0,2,1,IF_Q3,3
485,3.1,1.39,0.523,22,2.899,0.00099,Q2,PQ2,X,2,0,2,1,IF_Q2,3
787,4.3,1.077,0.63,64,2.901,0.00217,Q2,PQ1,W,2,0,2,1,IF_Q2,3
347,5.2,1.238,0.757,72,2.948,0.00383,Q2,PQ1,W,2,0,2,1,IF_Q2,3
750,5.5,1.043,0.577,85,2.967,0.00364,Q2,PQ1,W,2,0,2,1,IF_Q2,3
733,6.2,1.735,1.731,279,2.978,0.02451,Q1,PQ1,W,0,2,1,0,IF_Q2,1
774,4.5,1.045,0.745,70,2.983,0.00187,Q2,PQ2,W,2,0,2,1,IF_Q2,3
1083,6.1,1.897,1.115,116,3.0,0.0031,Q1,PQ2,W,0,2,1,2,IF_Q2,1
1077,7.0,2.522,2.794,129,3.06,0.01578,Q1,PQ1,W,0,2,1,0,IF_Q2,1
983,4.4,1.15,0.717,98,3.072,0.00094,Q2,PQ1,W,2,0,2,1,IF_Q2,3
1000,3.9,1.319,0.393,59,3.074,0.00078,Q3,PQ2,X,2,0,2,1,IF_Q2,3
210,7.8,2.929,1.242,45,3.105,0.00208,Q1,PQ1,W,0,2,1,2,IF_Q2,1
757,5.2,1.435,1.101,54,3.105,0.00175,Q1,PQ2,W,2,0,2,2,IF_Q2,3
999,3.9,1.559,0.863,61,3.12,0.00472,Q1,PQ1,W,2,0,2,1,IF_Q2,3
439,3.7,0.999,0.83,26,3.155,0.00096,Q2,PQ1,X,2,0,2,1,IF_Q2,3
322,5.7,1.149,0.924,48,3.17,0.00418,Q1,PQ1,W,2,0,2,1,IF_Q2,3
940,7.1,1.903,1.0,88,3.18,0.00214,Q1,PQ1,W,0,2,1,2,IF_Q2,1
306,5.9,1.707,1.04,129,3.183,0.00644,Q1,PQ1,W,0,2,1,2,IF_Q2,1
1080,6.6,1.38,1.361,145,3.201,0.01878,Q1,PQ1,W,0,2,1,2,IF_Q2,1
713,6.9,0.961,0.873,65,3.206,0.00247,Q2,PQ1,W,2,0,2,1,IF_Q2,3
738,6.1,1.794,0.722,70,3.229,0.00499,Q2,PQ1,W,2,0,1,2,IF_Q2,3
953,6.7,1.667,0.769,72,3.252,0.00224,Q2,PQ1,W,2,0,1,2,IF_Q2,3
154,9.0,1.77,1.564,117,3.255,0.00478,Q1,PQ1,W,0,2,1,2,IF_Q2,1
275,6.7,1.75,1.252,61,3.265,0.00379,Q1,PQ1,W,0,2,1,2,IF_Q2,1
309,5.9,1.672,0.848,150,3.275,0.00678,Q2,PQ1,W,0,2,1,2,IF_Q2,1
768,4.6,1.708,1.078,67,3.281,0.00124,Q1,PQ1,W,2,0,1,2,IF_Q2,3
815,3.7,1.823,1.58,82,3.288,0.00319,Q1,PQ2,W,0,2,1,2,IF_Q2,1
289,6.4,1.446,1.364,88,3.293,0.00593,Q1,PQ1,W,0,2,1,2,IF_Q2,1
969,5.5,1.033,0.835,40,3.295,0.0009,Q1,PQ1,W,2,0,2,1,IF_Q2,3
766,4.6,1.387,0.833,79,3.298,0.00955,Q2,PQ1,W,2,0,2,1,IF_Q2,3
216,7.7,1.561,1.875,31,3.301,0.00336,Q1,PQ1,W,0,2,1,2,IF_Q2,1
744,5.9,1.105,1.246,218,3.307,0.03801,Q1,PQ1,W,0,2,1,0,IF_Q2,1
292,6.3,1.48,0.82,66,3.317,0.0012,Q2,PQ1,W,2,0,1,2,IF_Q2,3
743,6.0,1.88,0.975,66,3.333,0.00172,Q2,PQ1,W,2,0,1,2,IF_Q2,3
281,6.5,1.471,0.839,46,3.35,0.00053,Q2,PQ1,W,2,0,2,2,IF_Q2,3
993,4.1,0.79,0.403,58,3.364,0.00174,Q3,PQ2,X,2,0,2,1,IF_Q2,3
1087,5.0,0.916,0.728,69,3.369,0.00276,Q2,PQ2,W,2,0,2,1,IF_Q2,3
676,8.3,1.855,1.175,94,3.379,0.00441,Q1,PQ1,W,0,2,1,2,IF_Q2,1
535,2.4,0.946,0.344,28,3.401,0.00101,Q3,PQ2,X,2,0,2,1,IF_Q2,3
319,5.8,1.397,1.0,53,3.421,0.00684,Q1,PQ1,W,2,0,2,2,IF_Q2,3
959,6.2,0.814,0.607,41,3.429,0.00059,Q2,PQ1,X,2,0,2,1,IF_Q2,3
291,6.3,2.487,1.865,58,3.439,0.00608,Q1,PQ1,W,0,2,1,2,IF_Q2,1
1004,3.9,1.147,0.61,33,3.444,0.00038,Q2,PQ2,X,2,0,2,1,IF_Q2,3
958,6.3,1.34,0.68,43,3.462,0.00116,Q2,PQ1,W,2,0,2,1,IF_Q2,3
852,2.6,0.864,0.469,42,3.474,0.00038,Q3,PQ2,X,2,0,2,1,IF_Q2,3
955,6.7,1.326,0.927,158,3.476,0.24936,Q1,PQ1,W,3,3,1,0,IF_Q2,2
354,5.0,1.045,0.771,36,3.488,0.0036,Q2,PQ2,W,2,0,2,1,IF_Q2,3
690,7.7,1.602,0.907,69,3.491,0.00113,Q2,PQ1,W,0,2,1,2,IF_Q2,1
359,4.8,1.364,0.874,39,3.493,0.00298,Q2,PQ2,W,2,0,2,1,IF_Q2,3
473,3.2,1.73,0.538,41,3.503,0.00218,Q2,PQ2,X,2,0,2,1,IF_Q2,3
917,8.9,2.157,1.418,113,3.514,0.00666,Q1,PQ1,W,0,2,1,2,IF_Q2,1
198,7.9,1.197,1.872,30,3.525,0.00307,Q1,PQ1,W,2,2,1,2,IF_Q2,3
706,7.2,1.357,1.712,150,3.553,0.02527,Q1,PQ1,W,0,2,1,2,IF_Q2,1
258,7.0,2.464,2.376,135,3.557,0.00892,Q1,PQ1,W,0,2,1,0,IF_Q2,1
729,6.4,1.368,0.924,134,3.563,0.03811,Q2,PQ1,W,0,2,1,2,IF_Q2,1
961,6.1,1.078,0.777,126,3.572,0.02003,Q1,PQ1,W,0,2,1,2,IF_Q2,1
913,10.0,1.522,1.344,34,3.577,0.00095,Q1,PQ1,W,0,2,1,2,IF_Q2,1
980,4.7,1.258,0.639,80,3.601,0.00453,Q2,PQ1,W,2,0,2,1,IF_Q2,3
701,7.4,1.732,1.112,56,3.61,0.0034,Q1,PQ1,W,0,2,1,2,IF_Q2,1
725,6.5,1.651,1.071,34,3.63,0.00296,Q1,PQ1,W,2,0,1,2,IF_Q2,3
748,5.6,2.922,1.328,58,3.633,0.00228,Q1,PQ1,W,0,2,1,2,IF_Q2,1
189,8.3,2.921,1.485,123,3.635,0.00457,Q1,PQ1,W,0,2,1,2,IF_Q2,1
956,6.5,1.69,0.913,52,3.662,0.00821,Q1,PQ1,W,2,0,1,2,IF_Q2,3
710,7.1,1.784,0.777,40,3.683,0.00069,Q2,PQ1,W,2,0,1,2,IF_Q2,3
1079,6.7,2.472,1.7,80,3.685,0.00089,Q1,PQ1,W,0,2,1,2,IF_Q2,1
683,8.1,1.684,1.202,126,3.7,0.00734,Q1,PQ1,W,0,2,1,2,IF_Q2,1
242,7.4,1.257,0.765,41,3.727,0.00051,Q2,PQ1,X,2,0,2,2,IF_Q2,3
1082,6.3,1.379,0.879,90,3.732,0.01909,Q2,PQ1,W,0,2,1,2,IF_Q2,1
681,8.1,1.563,1.111,66,3.739,0.00442,Q1,PQ1,W,0,2,1,2,IF_Q2,1
754,5.4,1.899,0.994,29,3.739,0.00081,Q1,PQ1,W,2,0,2,2,IF_Q2,3
316,5.8,1.782,1.647,123,3.746,0.00305,Q1,PQ1,W,0,2,1,2,IF_Q2,1
247,7.2,1.708,1.304,146,3.757,0.00818,Q1,PQ1,W,0,2,1,2,IF_Q2,1
712,7.0,1.964,1.491,98,3.761,0.00358,Q1,PQ1,W,0,2,1,2,IF_Q2,1
1076,8.2,2.458,1.89,79,3.762,0.00487,Q1,PQ1,W,0,2,1,2,IF_Q2,1
749,5.6,1.62,0.929,123,3.801,0.01406,Q2,PQ1,W,0,2,1,2,IF_Q2,1
945,6.9,2.355,1.11,57,3.802,0.0027,Q1,PQ1,W,0,2,1,2,IF_Q2,1
921,8.8,1.73,0.991,52,3.817,0.0048,Q1,PQ1,W,0,2,1,2,IF_Q2,1
957,6.4,1.42,0.803,196,3.847,0.1247,Q2,PQ1,W,3,3,1,0,IF_Q2,2
203,7.9,1.223,1.062,69,3.848,0.00237,Q1,PQ1,W,2,2,1,2,IF_Q2,3
265,6.7,2.406,1.113,98,3.853,0.00197,Q1,PQ1,W,0,2,1,2,IF_Q2,1
731,6.3,1.524,1.159,135,3.86,0.00417,Q1,PQ1,W,0,2,1,2,IF_Q2,1
665,9.1,2.271,1.446,107,3.862,0.0049,Q1,PQ1,W,0,2,1,2,IF_Q2,1
722,6.7,2.087,1.556,52,3.87,0.00041,Q1,PQ1,W,0,2,1,2,IF_Q2,1
451,3.6,0.91,0.594,90,3.871,0.00637,Q2,PQ1,W,2,0,2,1,IF_Q2,3
762,5.0,1.498,0.811,61,3.882,0.00084,Q2,PQ1,W,2,0,2,2,IF_Q2,3
162,8.8,0.959,1.425,48,3.908,0.00152,Q1,PQ1,W,2,2,1,2,IF_Q2,3
769,4.6,2.103,3.615,145,3.924,0.01151,Q1,PQ2,W,0,2,1,0,IF_Q2,1
695,7.6,1.602,1.131,118,3.951,0.00502,Q1,PQ1,W,0,2,1,2,IF_Q2,1
290,6.3,1.432,1.175,59,3.989,0.00161,Q1,PQ1,W,2,0,1,2,IF_Q2,3
764,4.9,1.205,0.872,37,4.0,0.00051,Q2,PQ1,W,2,0,2,1,IF_Q2,3
745,5.8,1.468,0.901,55,4.04,0.00055,Q2,PQ1,W,2,0,1,2,IF_Q2,3
696,7.6,1.005,0.616,70,4.05,0.00228,Q2,PQ1,W,2,0,2,1,IF_Q2,3
688,7.8,1.702,1.32,125,4.057,0.00772,Q1,PQ1,W,0,2,1,2,IF_Q2,1
728,6.4,1.483,0.933,35,4.07,0.0016,Q2,PQ1,W,2,0,2,2,IF_Q2,3
403,4.1,0.947,0.701,32,4.079,0.00124,Q2,PQ1,W,2,0,2,1,IF_Q2,3
182,8.5,1.25,0.908,47,4.085,0.00404,Q2,PQ1,W,2,0,1,2,IF_Q2,3
916,9.2,2.675,0.82,95,4.106,0.00143,Q2,PQ1,W,0,2,1,2,IF_Q2,1
237,7.4,1.636,1.084,127,4.124,0.00338,Q1,PQ1,W,0,2,1,2,IF_Q2,1
303,5.9,1.595,1.579,18,4.127,0.00138,Q1,PQ1,X,2,0,1,2,IF_Q2,3
1081,6.6,1.114,0.89,161,4.131,0.01763,Q2,PQ1,W,0,2,1,2,IF_Q2,1
962,6.0,2.008,1.566,60,4.157,0.00239,Q1,PQ1,W,0,2,1,2,IF_Q2,1
726,6.4,1.316,0.733,132,4.175,0.00578,Q2,PQ1,W,0,2,1,2,IF_Q2,1
715,6.9,0.943,0.763,104,4.179,0.00301,Q2,PQ1,W,2,0,1,2,IF_Q2,3
661,9.3,2.532,1.144,38,4.195,0.00062,Q1,PQ1,W,0,2,1,2,IF_Q2,1
931,7.5,1.554,1.011,73,4.199,0.00285,Q1,PQ1,W,0,2,1,2,IF_Q2,1
647,10.4,3.188,1.53,76,4.23,0.00107,Q1,PQ1,W,0,2,1,2,IF_Q2,1
747,5.7,2.902,1.343,57,4.235,0.00089,Q1,PQ1,W,0,2,1,2,IF_Q2,1
929,7.8,2.769,1.722,91,4.243,0.00248,Q1,PQ1,W,0,2,1,2,IF_Q2,1
1075,9.3,1.764,0.92,86,4.255,0.00785,Q2,PQ1,W,0,2,1,2,IF_Q2,1
719,6.7,1.625,1.008,41,4.261,0.00144,Q1,PQ1,W,2,0,1,2,IF_Q2,3
944,6.9,1.791,0.656,10,4.271,0.00191,Q2,PQ1,X,2,0,2,2,IF_Q2,3
252,7.2,1.681,1.495,124,4.279,0.01222,Q1,PQ1,W,0,2,1,2,IF_Q2,1
192,8.0,2.041,2.206,63,4.321,0.02401,Q1,PQ1,W,0,2,1,2,IF_Q2,1
709,7.2,1.889,1.279,64,4.345,0.00241,Q1,PQ1,W,0,2,1,2,IF_Q2,1
196,7.9,1.584,2.588,49,4.347,0.01112,Q1,PQ1,W,0,2,1,2,IF_Q2,1
668,9.0,2.228,1.437,77,4.373,0.00578,Q1,PQ1,W,0,2,1,2,IF_Q2,1
219,7.7,1.32,1.003,49,4.377,0.0051,Q2,PQ1,W,2,0,1,2,IF_Q2,3
261,6.9,1.46,1.413,109,4.391,0.00706,Q1,PQ1,W,0,2,1,2,IF_Q2,1
1054,1.9,0.827,0.316,27,4.397,0.0004,Q3,PQ3,X,2,0,2,1,IF_Q2,3
678,8.2,1.557,0.868,50,4.407,0.0016,Q2,PQ1,W,0,2,1,2,IF_Q2,1
685,8.1,2.4,1.503,78,4.418,0.00463,Q1,PQ1,W,0,2,1,2,IF_Q2,1
708,7.2,1.409,1.095,59,4.42,0.00257,Q1,PQ1,W,0,2,1,2,IF_Q2,1
789,4.2,1.647,0.643,31,4.426,0.00168,Q2,PQ2,W,2,0,2,1,IF_Q2,3
700,7.4,2.044,1.288,51,4.433,0.00185,Q1,PQ1,W,0,2,1,2,IF_Q2,1
222,7.6,1.715,1.066,100,4.452,0.00479,Q1,PQ1,W,0,2,1,2,IF_Q2,1
255,7.1,1.898,1.338,174,4.462,0.00681,Q1,PQ1,W,0,2,1,2,IF_Q2,1
960,6.2,1.866,1.203,74,4.497,0.00275,Q1,PQ1,W,0,2,1,2,IF_Q2,1
334,5.4,1.436,0.868,60,4.498,0.00338,Q2,PQ1,W,2,0,1,2,IF_Q2,3
102,11.8,1.801,1.376,67,4.508,0.00382,Q1,PQ1,W,0,2,1,2,IF_Q2,1
735,6.2,2.025,1.445,30,4.51,0.00158,Q1,PQ1,W,0,2,1,2,IF_Q2,1
332,5.6,2.561,1.784,156,4.521,0.00713,Q1,PQ1,W,0,2,1,0,IF_Q2,1
140,9.3,1.76,1.095,56,4.541,0.0024,Q1,PQ1,W,0,2,1,2,IF_Q2,1
146,9.2,1.633,1.289,92,4.542,0.00515,Q1,PQ1,W,0,2,1,2,IF_Q2,1
256,7.1,1.361,1.102,43,4.546,0.00211,Q1,PQ1,W,2,0,1,2,IF_Q2,3
741,6.1,0.901,0.681,54,4.581,0.00258,Q2,PQ1,W,2,0,2,1,IF_Q2,3
720,6.7,1.352,0.903,50,4.606,0.00295,Q2,PQ1,W,2,0,1,2,IF_Q2,3
711,7.1,1.933,2.069,260,4.645,0.04576,Q1,PQ1,W,0,2,3,0,IF_Q2,1
658,9.6,2.707,1.585,84,4.657,0.00177,Q1,PQ1,W,0,2,1,2,IF_Q2,1
682,8.1,1.066,1.39,25,4.671,0.00239,Q1,PQ1,W,2,0,1,2,IF_Q2,3
267,6.7,1.591,1.176,55,4.674,0.00098,Q1,PQ1,W,0,2,1,2,IF_Q2,1
804,4.0,1.387,0.836,15,4.687,0.00256,Q2,PQ2,W,2,0,2,1,IF_Q2,3
213,7.8,2.633,1.009,51,4.697,0.00191,Q1,PQ1,W,0,2,1,2,IF_Q2,1
871,2.0,1.233,1.093,13,4.708,0.00568,Q1,PQ3,W,2,0,2,1,IF_Q2,3
920,8.8,2.238,1.284,186,4.717,0.02144,Q1,PQ1,W,0,2,1,0,IF_Q2,1
670,8.9,1.701,1.295,144,4.729,0.0172,Q1,PQ1,W,0,2,1,2,IF_Q2,1
924,8.6,1.483,1.368,33,4.747,0.00258,Q1,PQ1,W,0,2,1,2,IF_Q2,1
165,8.7,2.246,1.398,27,4.754,0.00148,Q1,PQ1,W,0,2,1,2,IF_Q2,1
178,8.6,1.786,1.479,163,4.757,0.01284,Q1,PQ1,W,0,2,1,2,IF_Q2,1
246,7.2,1.698,1.618,57,4.758,0.00519,Q1,PQ1,W,0,2,1,2,IF_Q2,1
280,6.6,1.471,1.96,191,4.779,0.06475,Q1,PQ1,W,0,2,1,0,IF_Q2,1
175,8.6,1.442,1.359,88,4.802,0.01455,Q1,PQ1,W,0,2,1,2,IF_Q2,1
136,9.5,1.557,1.397,98,4.816,0.00489,Q1,PQ1,W,0,2,1,2,IF_Q2,1
90,12.5,2.29,2.013,25,4.851,0.00203,Q1,PQ1,W,0,2,1,2,IF_Q2,1
1073,10.5,2.109,2.682,275,4.875,0.03705,Q1,PQ1,W,0,1,3,0,IF_Q2,1
653,9.9,1.928,1.916,139,4.886,0.00612,Q1,PQ1,W,0,2,1,0,IF_Q2,1
673,8.6,1.515,1.348,56,4.89,0.0029,Q1,PQ1,W,0,2,1,2,IF_Q2,1
702,7.4,1.621,0.978,63,4.903,0.00475,Q2,PQ1,W,0,2,1,2,IF_Q2,1
123,10.2,1.783,1.35,25,4.908,0.00118,Q1,PQ1,W,0,2,1,2,IF_Q2,1
704,7.3,2.042,0.963,76,4.92,0.0049,Q2,PQ1,W,0,2,1,2,IF_Q2,1
908,11.5,1.742,1.131,89,4.92,0.00946,Q1,PQ1,W,0,2,1,2,IF_Q2,1
680,8.2,2.294,1.502,115,4.93,0.00946,Q1,PQ1,W,0,2,1,2,IF_Q1,1
228,7.6,1.873,1.317,45,4.96,0.00318,Q1,PQ1,W,0,2,1,2,IF_Q1,1
707,7.2,1.761,1.165,49,4.965,0.0049,Q1,PQ1,W,0,2,1,2,IF_Q1,1
190,8.2,1.139,1.713,22,4.98,0.00323,Q1,PQ1,W,0,2,1,2,IF_Q1,1
114,10.9,2.131,1.678,31,5.009,0.00312,Q1,PQ1,W,0,2,1,2,IF_Q1,1
208,7.8,1.729,1.211,72,5.019,0.00852,Q2,PQ1,W,0,2,1,2,IF_Q1,1
323,5.7,1.438,1.365,29,5.033,0.00434,Q1,PQ1,W,2,0,1,2,IF_Q1,3
209,7.8,1.536,1.301,109,5.047,0.00868,Q1,PQ1,W,0,2,1,2,IF_Q1,1
1078,6.9,1.855,1.211,84,5.076,0.00872,Q1,PQ1,W,0,2,1,2,IF_Q1,1
904,12.8,3.128,2.229,82,5.15,0.00173,Q1,PQ1,W,0,2,3,0,IF_Q1,1
927,8.2,1.753,1.144,121,5.152,0.00565,Q1,PQ1,W,0,2,1,2,IF_Q1,1
235,7.5,2.992,2.393,221,5.177,0.03166,Q1,PQ1,W,0,2,3,0,IF_Q1,1
703,7.3,2.346,1.694,109,5.218,0.01656,Q1,PQ1,W,0,2,1,2,IF_Q1,1
104,11.4,2.431,1.753,148,5.226,0.01712,Q1,PQ1,W,0,2,3,0,IF_Q1,1
118,10.3,2.308,1.434,73,5.261,0.00359,Q1,PQ1,W,0,2,1,2,IF_Q1,1
187,8.3,2.022,1.084,56,5.274,0.00092,Q1,PQ1,W,0,2,1,2,IF_Q1,1
718,6.8,1.846,0.993,45,5.293,0.00195,Q1,PQ1,W,0,2,1,2,IF_Q1,1
943,7.1,1.642,1.047,81,5.31,0.00243,Q1,PQ1,W,0,2,1,2,IF_Q1,1
277,6.6,1.295,1.858,19,5.31,0.00325,Q1,PQ1,W,0,2,1,2,IF_Q1,1
840,3.1,2.003,0.566,33,5.318,0.00039,Q2,PQ2,X,2,0,2,1,IF_Q1,3
186,8.4,3.251,1.555,44,5.339,0.00198,Q1,PQ1,W,0,2,1,2,IF_Q1,1
686,7.9,2.076,2.248,85,5.346,0.0037,Q1,PQ1,W,0,2,1,2,IF_Q1,1
905,12.7,3.417,3.623,65,5.387,0.00146,Q1,PQ1,W,0,2,3,0,IF_Q1,1
172,8.6,2.53,1.615,104,5.406,0.00367,Q1,PQ1,W,0,2,1,2,IF_Q1,1
250,7.2,2.348,1.64,153,5.414,0.00574,Q1,PQ1,W,0,2,1,0,IF_Q1,1
152,9.1,2.441,3.816,168,5.49,0.00729,Q1,PQ1,W,0,2,3,0,IF_Q1,1
142,9.3,1.803,1.592,139,5.493,0.01108,Q1,PQ1,W,0,2,1,2,IF_Q1,1
243,7.2,1.922,0.995,24,5.532,0.00173,Q1,PQ1,W,0,2,1,2,IF_Q1,1
716,6.9,1.463,1.205,34,5.576,0.00116,Q1,PQ1,W,2,2,1,2,IF_Q1,3
914,9.5,3.052,2.688,58,5.611,0.00132,Q1,PQ1,W,0,2,3,0,IF_Q1,1
134,10.0,1.991,1.365,82,5.622,0.00342,Q1,PQ1,W,0,2,1,2,IF_Q1,1
928,8.2,1.511,0.968,67,5.661,0.002,Q1,PQ1,W,0,2,1,2,IF_Q1,1
108,11.3,1.889,1.513,54,5.697,0.00383,Q1,PQ1,W,0,2,1,2,IF_Q1,1
121,10.3,1.85,1.66,157,5.779,0.06577,Q1,PQ1,W,0,2,1,0,IF_Q1,1
651,10.2,1.825,1.343,83,5.802,0.00389,Q1,PQ1,W,0,2,1,2,IF_Q1,1
938,7.2,1.845,1.283,53,5.836,0.00203,Q1,PQ1,W,0,2,1,2,IF_Q1,1
650,10.2,1.851,1.474,88,5.911,0.01492,Q1,PQ1,W,0,2,1,2,IF_Q1,1
675,8.4,2.63,1.839,54,5.964,0.00325,Q1,PQ1,W,0,2,1,2,IF_Q1,1
669,8.9,1.873,1.033,41,6.017,0.00176,Q1,PQ1,W,0,2,1,2,IF_Q1,1
88,12.6,2.059,2.426,143,6.075,0.01134,Q1,PQ1,W,0,2,3,0,IF_Q1,1
199,7.9,1.493,1.227,45,6.137,0.00087,Q1,PQ1,W,0,2,1,2,IF_Q1,1
742,6.0,1.394,1.538,53,6.155,0.00945,Q1,PQ1,W,0,2,1,2,IF_Q1,1
642,11.3,2.168,1.578,201,6.162,0.02048,Q1,PQ1,W,0,2,3,0,IF_Q1,1
694,7.7,1.339,1.223,169,6.162,0.02108,Q1,PQ1,W,0,2,1,2,IF_Q1,1
170,8.7,2.353,1.034,29,6.167,0.00167,Q1,PQ1,W,0,2,1,2,IF_Q1,1
714,6.9,1.401,1.176,195,6.208,0.24907,Q1,PQ1,W,3,3,1,0,IF_Q1,2
139,9.5,1.563,1.368,67,6.325,0.00239,Q1,PQ1,W,0,2,1,2,IF_Q1,1
69,14.1,2.581,1.813,33,6.348,0.00175,Q1,PQ1,W,0,2,1,0,IF_Q1,1
143,9.3,1.899,2.62,33,6.359,0.0049,Q1,PQ1,W,0,2,1,2,IF_Q1,1
912,10.5,2.815,2.354,274,6.363,0.04317,Q1,PQ1,W,1,1,3,0,IF_Q1,0
128,10.0,1.784,1.971,38,6.382,0.00789,Q1,PQ1,W,0,2,1,2,IF_Q1,1
633,12.9,2.761,2.342,100,6.385,0.00397,Q1,PQ1,W,0,2,3,0,IF_Q1,1
923,8.7,1.695,0.685,73,6.459,0.00093,Q2,PQ1,W,0,2,1,2,IF_Q1,1
911,10.9,2.427,1.239,40,6.519,0.00246,Q1,PQ1,W,0,2,1,2,IF_Q1,1
641,11.4,2.651,4.172,300,6.549,0.05356,Q1,PQ1,W,1,1,3,0,IF_Q1,0
906,11.7,2.722,1.777,40,6.558,0.00134,Q1,PQ1,W,0,2,1,2,IF_Q1,1
652,10.0,1.475,1.619,193,6.578,0.04127,Q1,PQ1,W,0,2,1,0,IF_Q1,1
649,10.3,2.039,2.179,205,6.588,0.03881,Q1,PQ1,W,0,2,3,0,IF_Q1,1
158,8.9,1.611,1.308,48,6.595,0.00264,Q1,PQ1,W,0,2,1,2,IF_Q1,1
677,8.2,1.945,1.309,102,6.698,0.0143,Q1,PQ1,W,0,2,1,0,IF_Q1,1
233,7.5,2.138,1.572,129,6.744,0.00319,Q1,PQ1,W,0,2,1,0,IF_Q1,1
638,11.8,2.38,1.595,133,6.757,0.02006,Q1,PQ1,W,0,2,3,0,IF_Q1,1
903,13.5,3.294,2.265,84,6.791,0.00484,Q1,PQ1,W,0,2,3,0,IF_Q1,1
627,14.2,3.597,3.458,168,6.835,0.01362,Q1,PQ1,W,1,1,3,0,IF_Q1,0
63,14.8,3.181,3.403,170,6.887,0.00957,Q1,PQ1,W,1,1,3,0,IF_Q1,0
80,13.4,2.272,3.4,415,6.931,0.1379,Q1,PQ1,W,3,3,0,0,IF_Q1,2
909,11.3,2.661,1.973,161,6.969,0.0075,Q1,PQ1,W,0,2,3,0,IF_Q1,1
1074,9.6,4.018,2.852,155,6.992,0.03326,Q1,PQ1,W,1,1,3,0,IF_Q1,0
117,10.4,2.24,1.497,93,7.011,0.00494,Q1,PQ1,W,0,2,1,0,IF_Q1,1
643,10.9,2.274,1.799,137,7.021,0.01413,Q1,PQ1,W,0,2,3,0,IF_Q1,1
656,9.7,2.079,1.329,115,7.027,0.0156,Q1,PQ1,W,0,2,1,0,IF_Q1,1
82,13.3,2.69,1.929,85,7.136,0.00689,Q1,PQ1,W,0,2,3,0,IF_Q1,1
62,14.9,3.244,3.299,140,7.231,0.01916,Q1,PQ1,W,1,1,3,0,IF_Q1,0
689,7.8,1.429,2.144,54,7.324,0.01863,Q1,PQ1,W,0,2,1,2,IF_Q1,1
663,9.2,4.814,1.209,36,7.4,0.00053,Q1,PQ1,W,0,2,3,0,IF_Q1,1
68,14.2,2.676,7.148,221,7.403,0.03064,Q1,PQ1,W,1,1,0,0,IF_Q1,0
150,9.1,2.033,1.485,82,7.422,0.00342,Q1,PQ1,W,0,2,1,0,IF_Q1,1
52,15.7,2.512,2.193,115,7.574,0.01178,Q1,PQ1,W,0,2,3,0,IF_Q1,1
629,13.9,3.54,4.365,153,7.582,0.00484,Q1,PQ1,W,1,1,3,0,IF_Q1,0
639,11.8,4.303,2.102,38,7.611,0.00332,Q1,PQ1,W,0,2,3,0,IF_Q1,1
49,16.0,3.495,2.823,94,7.767,0.00313,Q1,PQ1,W,1,1,3,0,IF_Q1,0
262,6.8,2.679,1.17,103,7.778,0.00217,Q1,PQ1,W,0,2,1,0,IF_Q1,1
46,16.3,2.795,3.027,50,7.784,0.00631,Q1,PQ1,W,0,2,3,0,IF_Q1,1
113,11.0,2.301,1.734,114,7.802,0.01181,Q1,PQ1,W,0,2,3,0,IF_Q1,1
126,10.1,2.202,1.601,90,7.862,0.00508,Q1,PQ1,W,0,2,1,0,IF_Q1,1
129,10.0,2.297,1.548,21,7.985,0.00107,Q1,PQ1,W,0,2,1,2,IF_Q1,1
679,8.2,1.788,1.128,112,8.0,0.01389,Q1,PQ1,W,0,2,1,0,IF_Q1,1
1071,13.0,5.374,3.172,36,8.059,0.00276,Q1,PQ1,W,1,1,3,0,IF_Q1,0
644,10.7,1.862,0.957,60,8.083,0.00647,Q2,PQ1,W,0,2,1,2,IF_Q1,1
100,12.0,2.611,2.192,135,8.139,0.02964,Q1,PQ1,W,0,2,3,0,IF_Q1,1
636,12.4,2.181,1.898,76,8.144,0.00251,Q1,PQ1,W,0,2,3,0,IF_Q1,1
646,10.4,3.253,1.616,71,8.171,0.00598,Q1,PQ1,W,0,2,3,0,IF_Q1,1
631,13.0,2.49,2.735,135,8.182,0.02022,Q1,PQ1,W,0,1,3,0,IF_Q1,1
97,12.1,2.404,2.29,194,8.233,0.04621,Q1,PQ1,W,1,1,3,0,IF_Q1,0
624,15.7,2.321,4.436,224,8.346,0.0498,Q1,PQ1,W,1,1,3,0,IF_Q1,0
115,10.7,2.239,1.589,61,8.489,0.00668,Q1,PQ1,W,0,2,1,0,IF_Q1,1
634,12.6,3.402,2.468,80,8.501,0.04575,Q1,PQ1,W,1,1,3,0,IF_Q1,0
57,15.5,3.089,3.113,218,8.518,0.03053,Q1,PQ1,W,1,1,3,0,IF_Q1,0
37,16.8,5.3,3.906,99,8.591,0.00366,Q1,PQ1,W,1,1,3,0,IF_Q1,0
92,12.2,2.985,2.07,225,8.665,0.03931,Q1,PQ1,W,1,1,3,0,IF_Q1,0
902,14.3,4.79,2.562,49,8.757,0.00258,Q1,PQ1,W,1,1,3,0,IF_Q1,0
625,15.1,3.234,2.768,180,8.934,0.03988,Q1,PQ1,W,1,1,3,0,IF_Q1,0
900,14.9,3.234,2.174,203,8.957,0.05434,Q1,PQ1,W,1,1,3,0,IF_Q1,0
77,13.6,1.912,1.693,92,8.993,0.00518,Q1,PQ1,W,0,2,3,0,IF_Q1,1
910,11.1,2.879,2.201,113,9.011,0.00324,Q1,PQ1,W,0,2,3,0,IF_Q1,1
11,24.6,3.542,5.147,260,9.03,0.03189,Q1,PQ1,W,1,1,0,0,IF_Q1,0
73,13.9,3.067,1.69,78,9.14,0.00912,Q1,PQ1,W,0,2,3,0,IF_Q1,1
155,9.0,7.804,2.372,14,9.194,0.00426,Q1,PQ1,W,1,1,3,0,IF_Q1,0
84,13.1,3.619,2.431,183,9.235,0.01714,Q1,PQ1,W,1,1,3,0,IF_Q1,0
1072,11.4,3.355,2.027,173,9.322,0.00511,Q1,PQ1,W,1,1,3,0,IF_Q1,0
898,15.0,3.439,2.95,80,9.498,0.00581,Q1,PQ1,W,1,1,3,0,IF_Q1,0
630,13.7,2.928,2.111,166,9.551,0.02879,Q1,PQ1,W,1,1,3,0,IF_Q1,0
61,14.9,3.569,2.18,86,9.588,0.00681,Q1,PQ1,W,1,1,3,0,IF_Q1,0
87,13.1,2.808,2.781,154,9.657,0.02002,Q1,PQ1,W,1,1,3,0,IF_Q1,0
14,22.1,5.751,3.594,62,9.809,0.00313,Q1,PQ1,W,1,1,0,0,IF_Q1,0
13,23.3,3.464,1.992,67,9.833,0.0029,Q1,PQ1,W,1,1,3,0,IF_Q1,0
897,16.3,3.648,4.01,130,10.052,0.0041,Q1,PQ1,W,1,1,3,0,IF_Q1,0
26,17.2,3.187,3.134,89,10.066,0.00619,Q1,PQ1,W,1,1,3,0,IF_Q1,0
622,16.0,3.365,2.873,99,10.103,0.00719,Q1,PQ1,W,1,1,3,0,IF_Q1,0
660,9.6,1.693,1.694,33,10.22,0.00106,Q1,PQ1,W,0,2,1,0,IF_Q1,1
29,17.1,2.952,3.848,119,10.238,0.05014,Q1,PQ1,W,1,1,3,0,IF_Q1,0
894,16.4,2.991,2.722,75,10.267,0.00804,Q1,PQ1,W,1,1,3,0,IF_Q1,0
892,22.5,3.082,5.251,189,10.275,0.05683,Q1,PQ1,W,1,1,0,0,IF_Q1,0
22,18.7,3.149,5.053,135,10.294,0.01479,Q1,PQ1,W,1,1,0,0,IF_Q1,0
103,11.7,2.766,2.766,65,10.489,0.00537,Q1,PQ1,W,0,2,3,0,IF_Q1,1
1070,15.5,4.454,3.742,86,10.699,0.00571,Q1,PQ1,W,1,1,3,0,IF_Q1,0
94,12.2,2.263,3.385,47,10.758,0.01316,Q1,PQ1,W,0,2,3,0,IF_Q1,1
65,14.4,4.661,2.592,45,10.835,0.00615,Q1,PQ1,W,1,1,3,0,IF_Q1,0
47,16.2,1.993,1.858,51,10.962,0.00258,Q1,PQ1,W,0,2,3,0,IF_Q1,1
74,13.6,3.485,2.714,77,11.019,0.00565,Q1,PQ1,W,1,1,3,0,IF_Q1,0
619,18.8,3.909,4.045,233,11.037,0.03385,Q1,PQ1,W,1,1,0,0,IF_Q1,0
39,16.4,3.131,4.03,296,11.041,0.07687,Q1,PQ1,W,1,1,0,0,IF_Q1,0
893,16.9,3.448,2.427,108,11.245,0.00698,Q1,PQ1,W,1,1,3,0,IF_Q1,0
617,21.3,3.471,4.333,151,11.648,0.05282,Q1,PQ1,W,1,1,0,0,IF_Q1,0
621,17.6,2.927,3.481,155,11.774,0.02285,Q1,PQ1,W,1,1,3,0,IF_Q1,0
15,21.9,3.143,4.08,202,12.253,0.02189,Q1,PQ1,W,1,1,0,0,IF_Q1,0
628,14.0,2.437,2.967,49,12.256,0.01647,Q1,PQ1,W,1,1,3,0,IF_Q1,0
616,22.0,3.376,6.06,169,12.777,0.01708,Q1,PQ1,W,1,1,0,0,IF_Q1,0
901,14.5,3.168,1.614,59,12.834,0.01056,Q1,PQ1,W,1,1,3,0,IF_Q1,0
17,21.2,3.559,6.32,242,13.081,0.03321,Q1,PQ1,W,1,1,0,0,IF_Q1,0
4,30.5,6.543,3.343,35,13.286,0.00057,Q1,PQ1,W,1,1,0,0,IF_Q1,0
34,16.8,4.168,6.838,201,13.369,0.01735,Q1,PQ1,W,1,1,0,0,IF_Q1,0
55,15.6,4.042,4.172,143,13.828,0.01971,Q1,PQ1,W,1,1,0,0,IF_Q1,0
895,16.3,3.768,3.266,73,13.99,0.00512,Q1,PQ1,W,1,1,3,0,IF_Q1,0
907,11.6,3.293,3.032,121,13.994,0.02026,Q1,PQ1,W,1,1,3,0,IF_Q1,0
164,8.7,3.13,1.673,155,14.05,0.01279,Q1,PQ1,W,1,1,3,0,IF_Q1,0
922,8.7,3.014,1.564,220,14.065,0.01964,Q1,PQ1,W,1,1,3,0,IF_Q1,0
18,20.8,3.306,4.222,221,14.255,0.05097,Q1,PQ1,W,1,1,0,0,IF_Q1,0
889,28.0,7.766,5.09,172,14.324,0.01766,Q1,PQ1,W,1,1,0,0,IF_Q1,0
891,22.6,5.3,4.021,94,14.682,0.00244,Q1,PQ1,W,1,1,0,0,IF_Q1,0
890,25.3,4.366,4.678,296,14.91,0.02691,Q1,PQ1,W,1,1,0,0,IF_Q1,0
1069,21.5,5.339,4.703,191,15.204,0.01295,Q1,PQ1,W,1,1,0,0,IF_Q1,0
640,11.8,3.717,3.326,28,15.357,0.01291,Q1,PQ1,W,1,1,3,0,IF_Q1,0
9,25.7,5.617,6.078,186,16.497,0.01134,Q1,PQ1,W,1,1,0,0,IF_Q1,0
885,28.4,5.032,4.557,120,17.564,0.01682,Q1,PQ1,W,1,1,0,0,IF_Q1,0
6,28.8,5.416,4.584,132,18.958,0.01601,Q1,PQ1,W,1,1,0,0,IF_Q1,0
612,22.0,3.673,4.506,140,19.118,0.0563,Q1,PQ1,W,1,1,0,0,IF_Q1,0
0,36.6,7.338,8.269,377,24.314,0.06637,Q1,PQ1,W,1,1,0,0,IF_Q1,0
41,16.3,6.962,4.602,26,25.898,0.01094,Q1,PQ1,W,1,1,0,0,IF_Q1,0
611,32.1,3.816,5.635,75,29.234,0.02704,Q1,PQ1,W,1,1,0,0,IF_Q1,0
